{
  "exportedBy": null,
  "bundleHash": null,
  "version": "1.0.0.0",
  "jitAssemblyCompilerCommands": [
    {
      "providerName": "TypedDataTable",
      "typedDataTableDto": {
        "id": 1,
        "idRef": "ReadRangeConnections`1_1",
        "hash": "ReadRangeConnections`1_1|DataTable|JCVVNUwqaGaVxgf3Ow28SKs38fAhskCCMnSQh6QDo",
        "dataType": "System.Data.DataTable, System.Data.Common",
        "columns": [
          {
            "columnName": "PhoneType",
            "dataType": "System.String, System.Private.CoreLib",
            "name": "PhoneType",
            "category": "Simplified"
          },
          {
            "columnName": "Link",
            "dataType": "System.String, System.Private.CoreLib",
            "name": "Link",
            "category": "Simplified"
          },
          {
            "columnName": "Rate",
            "dataType": "System.String, System.Private.CoreLib",
            "name": "Rate",
            "category": "Simplified"
          },
          {
            "columnName": "Price",
            "dataType": "System.String, System.Private.CoreLib",
            "name": "Price",
            "category": "Simplified"
          },
          {
            "columnName": "",
            "dataType": "System.String, System.Private.CoreLib",
            "name": "",
            "category": "Simplified"
          }
        ],
        "rowExtensionProperties": [
          {
            "columnName": "WorksheetsRowIndex",
            "dataType": "System.Int32, System.Private.CoreLib",
            "descriptionKey": "General_RowExtensions_Property_WorksheetsRowIndex_Description",
            "category": "Simplified"
          }
        ],
        "nestedRowExtensionProperties": [
          {
            "parentColumnName": "PhoneType",
            "extension": {
              "columnName": "_Address",
              "dataType": "System.String, System.Private.CoreLib",
              "name": "PhoneType Address",
              "descriptionKey": "General_RowExtensions_Property_Column_Address_Description"
            }
          },
          {
            "parentColumnName": "PhoneType",
            "extension": {
              "columnName": "_ColumnAddress",
              "dataType": "System.String, System.Private.CoreLib",
              "name": "PhoneType ColumnAddress",
              "descriptionKey": "General_RowExtensions_Property_Column_ColumnAddress_Description"
            }
          },
          {
            "parentColumnName": "Link",
            "extension": {
              "columnName": "_Address",
              "dataType": "System.String, System.Private.CoreLib",
              "name": "Link Address",
              "descriptionKey": "General_RowExtensions_Property_Column_Address_Description"
            }
          },
          {
            "parentColumnName": "Link",
            "extension": {
              "columnName": "_ColumnAddress",
              "dataType": "System.String, System.Private.CoreLib",
              "name": "Link ColumnAddress",
              "descriptionKey": "General_RowExtensions_Property_Column_ColumnAddress_Description"
            }
          },
          {
            "parentColumnName": "Rate",
            "extension": {
              "columnName": "_Address",
              "dataType": "System.String, System.Private.CoreLib",
              "name": "Rate Address",
              "descriptionKey": "General_RowExtensions_Property_Column_Address_Description"
            }
          },
          {
            "parentColumnName": "Rate",
            "extension": {
              "columnName": "_ColumnAddress",
              "dataType": "System.String, System.Private.CoreLib",
              "name": "Rate ColumnAddress",
              "descriptionKey": "General_RowExtensions_Property_Column_ColumnAddress_Description"
            }
          },
          {
            "parentColumnName": "Price",
            "extension": {
              "columnName": "_Address",
              "dataType": "System.String, System.Private.CoreLib",
              "name": "Price Address",
              "descriptionKey": "General_RowExtensions_Property_Column_Address_Description"
            }
          },
          {
            "parentColumnName": "Price",
            "extension": {
              "columnName": "_ColumnAddress",
              "dataType": "System.String, System.Private.CoreLib",
              "name": "Price ColumnAddress",
              "descriptionKey": "General_RowExtensions_Property_Column_ColumnAddress_Description"
            }
          },
          {
            "parentColumnName": "",
            "extension": {
              "columnName": "_Address",
              "dataType": "System.String, System.Private.CoreLib",
              "name": " Address",
              "descriptionKey": "General_RowExtensions_Property_Column_Address_Description"
            }
          },
          {
            "parentColumnName": "",
            "extension": {
              "columnName": "_ColumnAddress",
              "dataType": "System.String, System.Private.CoreLib",
              "name": " ColumnAddress",
              "descriptionKey": "General_RowExtensions_Property_Column_ColumnAddress_Description"
            }
          }
        ],
        "resourceManager": {
          "resourceManagerName": "UiPath.MicrosoftOffice365.Properties.Resources",
          "resourceManagerAssemblyName": "UiPath.MicrosoftOffice365"
        }
      },
      "entityAssemblyKey": {
        "name": "Studio.Generated.TypedDataTable1",
        "hash": "ReadRangeConnections`1_1|DataTable|OzSUtvqXmZG8Uuu1mPac7VaHgbFCARNY3P4CiA3Nw|kTpLYz4sNoey8Tk2EUQH8fS98LWuj9UMSbl2aNSKE4|dpA8m66ruZrdVrm6TDByraKP8l0W6FcqcvXEux5QU",
        "assemblyName": "Studio.Generated.TypedDataTable1"
      }
    },
    {
      "providerName": "TypedDataTable",
      "typedDataTableDto": {
        "id": 2,
        "idRef": "ReadRangeConnections`1_1",
        "hash": "ReadRangeConnections`1_1|DataTable|T1PNoYwrqgwDVLtfmj7L5e0Sq02OEbqHPC8RFhICuUU",
        "dataType": "System.Data.DataTable, System.Data.Common",
        "columns": [],
        "rowExtensionProperties": [
          {
            "columnName": "WorksheetsRowIndex",
            "dataType": "System.Int32, System.Private.CoreLib",
            "descriptionKey": "General_RowExtensions_Property_WorksheetsRowIndex_Description",
            "category": "Simplified"
          }
        ],
        "nestedRowExtensionProperties": [],
        "resourceManager": {
          "resourceManagerName": "UiPath.MicrosoftOffice365.Properties.Resources",
          "resourceManagerAssemblyName": "UiPath.MicrosoftOffice365"
        }
      },
      "entityAssemblyKey": {
        "name": "Studio.Generated.TypedDataTable2",
        "hash": "ReadRangeConnections`1_1|DataTable|T1PNoYwrqgwDVLtfmj7L5e0Sq02OEbqHPC8RFhICuUU|kTpLYz4sNoey8Tk2EUQH8fS98LWuj9UMSbl2aNSKE4|dpA8m66ruZrdVrm6TDByraKP8l0W6FcqcvXEux5QU",
        "assemblyName": "Studio.Generated.TypedDataTable2"
      }
    },
    {
      "providerName": "TypedDataTable",
      "typedDataTableDto": {
        "id": 3,
        "idRef": "ReadRangeConnections`1_1",
        "hash": "ReadRangeConnections`1_1|DataTable|p6DDEwYhUkPFP1tQFxyMnvMNTeYgJ138DtkgO44yRqY",
        "dataType": "System.Data.DataTable, System.Data.Common",
        "columns": [
          {
            "columnName": "PhoneType",
            "dataType": "System.String, System.Private.CoreLib",
            "name": "PhoneType",
            "category": "Simplified"
          },
          {
            "columnName": "Link",
            "dataType": "System.String, System.Private.CoreLib",
            "name": "Link",
            "category": "Simplified"
          },
          {
            "columnName": "Rate",
            "dataType": "System.String, System.Private.CoreLib",
            "name": "Rate",
            "category": "Simplified"
          }
        ],
        "rowExtensionProperties": [
          {
            "columnName": "WorksheetsRowIndex",
            "dataType": "System.Int32, System.Private.CoreLib",
            "descriptionKey": "General_RowExtensions_Property_WorksheetsRowIndex_Description",
            "category": "Simplified"
          }
        ],
        "nestedRowExtensionProperties": [
          {
            "parentColumnName": "PhoneType",
            "extension": {
              "columnName": "_Address",
              "dataType": "System.String, System.Private.CoreLib",
              "name": "PhoneType Address",
              "descriptionKey": "General_RowExtensions_Property_Column_Address_Description"
            }
          },
          {
            "parentColumnName": "PhoneType",
            "extension": {
              "columnName": "_ColumnAddress",
              "dataType": "System.String, System.Private.CoreLib",
              "name": "PhoneType ColumnAddress",
              "descriptionKey": "General_RowExtensions_Property_Column_ColumnAddress_Description"
            }
          },
          {
            "parentColumnName": "Link",
            "extension": {
              "columnName": "_Address",
              "dataType": "System.String, System.Private.CoreLib",
              "name": "Link Address",
              "descriptionKey": "General_RowExtensions_Property_Column_Address_Description"
            }
          },
          {
            "parentColumnName": "Link",
            "extension": {
              "columnName": "_ColumnAddress",
              "dataType": "System.String, System.Private.CoreLib",
              "name": "Link ColumnAddress",
              "descriptionKey": "General_RowExtensions_Property_Column_ColumnAddress_Description"
            }
          },
          {
            "parentColumnName": "Rate",
            "extension": {
              "columnName": "_Address",
              "dataType": "System.String, System.Private.CoreLib",
              "name": "Rate Address",
              "descriptionKey": "General_RowExtensions_Property_Column_Address_Description"
            }
          },
          {
            "parentColumnName": "Rate",
            "extension": {
              "columnName": "_ColumnAddress",
              "dataType": "System.String, System.Private.CoreLib",
              "name": "Rate ColumnAddress",
              "descriptionKey": "General_RowExtensions_Property_Column_ColumnAddress_Description"
            }
          }
        ],
        "resourceManager": {
          "resourceManagerName": "UiPath.MicrosoftOffice365.Properties.Resources",
          "resourceManagerAssemblyName": "UiPath.MicrosoftOffice365"
        }
      },
      "entityAssemblyKey": {
        "name": "Studio.Generated.TypedDataTable3",
        "hash": "ReadRangeConnections`1_1|DataTable|ObDm1Dbrwh5s5eg3wCzslnE4qv8dSgMI9krvywpsLBM|kTpLYz4sNoey8Tk2EUQH8fS98LWuj9UMSbl2aNSKE4|dpA8m66ruZrdVrm6TDByraKP8l0W6FcqcvXEux5QU",
        "assemblyName": "Studio.Generated.TypedDataTable3"
      }
    }
  ]
}