{
  "Workflows": [
    {
      "Path": null,
      "SortBy": 0,
      "VariablesSectionElementsOrder": [],
      "ArgumentsSectionElementsOrder": null,
      "ConstantsSectionElementsOrder": [],
      "AddedNamespaces": null
    },
    {
      "Path": "Main.xaml",
      "SortBy": 0,
      "VariablesSectionElementsOrder": [
        "Preference&Sequence_2",
        "userType&Sequence_3",
        "userRate&Sequence_3",
        "userPrice&Sequence_3",
        "matchingLink&Sequence_2",
        "dtPhones&Sequence_2",
        "filepath&Sequence_2",
        "emailid&Sequence_2",
        "name&Sequence_2"
      ],
      "ArgumentsSectionElementsOrder": [],
      "ConstantsSectionElementsOrder": [],
      "AddedNamespaces": null
    }
  ]
}