{
  "assemblyStates": {
    "Studio.Generated.TypedDataTable1": {
      "namespace": "System.Data",
      "providerName": "TypedDataTable",
      "key": {
        "name": "Studio.Generated.TypedDataTable1",
        "hash": "ReadRangeConnections\u00601_1|DataTable|OzSUtvqXmZG8Uuu1mPac7VaHgbFCARNY3P4CiA3Nw|kTpLYz4sNoey8Tk2EUQH8fS98LWuj9UMSbl2aNSKE4|dpA8m66ruZrdVrm6TDByraKP8l0W6FcqcvXEux5QU",
        "assemblyName": "Studio.Generated.TypedDataTable1"
      }
    },
    "Studio.Generated.TypedDataTable2": {
      "namespace": "System.Data",
      "providerName": "TypedDataTable",
      "key": {
        "name": "Studio.Generated.TypedDataTable2",
        "hash": "ReadRangeConnections\u00601_1|DataTable|T1PNoYwrqgwDVLtfmj7L5e0Sq02OEbqHPC8RFhICuUU|kTpLYz4sNoey8Tk2EUQH8fS98LWuj9UMSbl2aNSKE4|dpA8m66ruZrdVrm6TDByraKP8l0W6FcqcvXEux5QU",
        "assemblyName": "Studio.Generated.TypedDataTable2"
      }
    },
    "Studio.Generated.TypedDataTable3": {
      "namespace": "System.Data",
      "providerName": "TypedDataTable",
      "key": {
        "name": "Studio.Generated.TypedDataTable3",
        "hash": "ReadRangeConnections\u00601_1|DataTable|ObDm1Dbrwh5s5eg3wCzslnE4qv8dSgMI9krvywpsLBM|kTpLYz4sNoey8Tk2EUQH8fS98LWuj9UMSbl2aNSKE4|dpA8m66ruZrdVrm6TDByraKP8l0W6FcqcvXEux5QU",
        "assemblyName": "Studio.Generated.TypedDataTable3"
      }
    }
  }
}